START DATE,START TIME,START TIME ET,SUBJECT,LOCATION,DESCRIPTION,END DATE,END DATE ET,END TIME,END TIME ET,REMINDER OFF,REMINDER ON,REMINDER DATE,REMINDER TIME,REMINDER TIME ET,SHOWTIMEAS FREE,SHOWTIMEAS BUSY
04/08/22,07:07 PM,07:07 PM,Rangers at Blue Jays,Rogers Centre - Toronto,"",04/08/22,04/08/22,10:07 PM,10:07 PM,FALSE,TRUE,04/08/22,06:07 PM,06:07 PM,FREE,BUSY
04/09/22,03:07 PM,03:07 PM,Rangers at Blue Jays,Rogers Centre - Toronto,"",04/09/22,04/09/22,06:07 PM,06:07 PM,FALSE,TRUE,04/09/22,02:07 PM,02:07 PM,FREE,BUSY
04/10/22,01:37 PM,01:37 PM,Rangers at Blue Jays,Rogers Centre - Toronto,"Local TV: SNET",04/10/22,04/10/22,04:37 PM,04:37 PM,FALSE,TRUE,04/10/22,12:37 PM,12:37 PM,FREE,BUSY
04/11/22,07:05 PM,07:05 PM,Blue Jays at Yankees,Yankee Stadium - Bronx,"",04/11/22,04/11/22,10:05 PM,10:05 PM,FALSE,TRUE,04/11/22,06:05 PM,06:05 PM,FREE,BUSY
04/12/22,07:05 PM,07:05 PM,Blue Jays at Yankees,Yankee Stadium - Bronx,"",04/12/22,04/12/22,10:05 PM,10:05 PM,FALSE,TRUE,04/12/22,06:05 PM,06:05 PM,FREE,BUSY
04/13/22,07:05 PM,07:05 PM,Blue Jays at Yankees,Yankee Stadium - Bronx,"Local TV: SNET-1",04/13/22,04/13/22,10:05 PM,10:05 PM,FALSE,TRUE,04/13/22,06:05 PM,06:05 PM,FREE,BUSY
04/14/22,07:05 PM,07:05 PM,Blue Jays at Yankees,Yankee Stadium - Bronx,"Local TV: SNET- MLBN (out-of-market only)",04/14/22,04/14/22,10:05 PM,10:05 PM,FALSE,TRUE,04/14/22,06:05 PM,06:05 PM,FREE,BUSY
04/15/22,07:07 PM,07:07 PM,Athletics at Blue Jays,Rogers Centre - Toronto,"",04/15/22,04/15/22,10:07 PM,10:07 PM,FALSE,TRUE,04/15/22,06:07 PM,06:07 PM,FREE,BUSY
04/16/22,03:07 PM,03:07 PM,Athletics at Blue Jays,Rogers Centre - Toronto,"",04/16/22,04/16/22,06:07 PM,06:07 PM,FALSE,TRUE,04/16/22,02:07 PM,02:07 PM,FREE,BUSY
04/17/22,01:37 PM,01:37 PM,Athletics at Blue Jays,Rogers Centre - Toronto,"",04/17/22,04/17/22,04:37 PM,04:37 PM,FALSE,TRUE,04/17/22,12:37 PM,12:37 PM,FREE,BUSY
04/19/22,07:10 PM,07:10 PM,Blue Jays at Red Sox,Fenway Park - Boston,"Local TV: SNET",04/19/22,04/19/22,10:10 PM,10:10 PM,FALSE,TRUE,04/19/22,06:10 PM,06:10 PM,FREE,BUSY
04/20/22,07:10 PM,07:10 PM,Blue Jays at Red Sox,Fenway Park - Boston,"Local TV: SNET-1 ----- Local Radio: SN590",04/20/22,04/20/22,10:10 PM,10:10 PM,FALSE,TRUE,04/20/22,06:10 PM,06:10 PM,FREE,BUSY
04/21/22,01:35 PM,01:35 PM,Blue Jays at Red Sox,Fenway Park - Boston,"Local Radio: SN590",04/21/22,04/21/22,04:35 PM,04:35 PM,FALSE,TRUE,04/21/22,12:35 PM,12:35 PM,FREE,BUSY
04/22/22,08:10 PM,08:10 PM,Blue Jays at Astros,Minute Maid Park - Houston,"",04/22/22,04/22/22,11:10 PM,11:10 PM,FALSE,TRUE,04/22/22,07:10 PM,07:10 PM,FREE,BUSY
04/23/22,04:10 PM,04:10 PM,Blue Jays at Astros,Minute Maid Park - Houston,"",04/23/22,04/23/22,07:10 PM,07:10 PM,FALSE,TRUE,04/23/22,03:10 PM,03:10 PM,FREE,BUSY
04/24/22,02:10 PM,02:10 PM,Blue Jays at Astros,Minute Maid Park - Houston,"",04/24/22,04/24/22,05:10 PM,05:10 PM,FALSE,TRUE,04/24/22,01:10 PM,01:10 PM,FREE,BUSY
04/25/22,07:07 PM,07:07 PM,Red Sox at Blue Jays,Rogers Centre - Toronto,"Local Radio: SN590",04/25/22,04/25/22,10:07 PM,10:07 PM,FALSE,TRUE,04/25/22,06:07 PM,06:07 PM,FREE,BUSY
04/26/22,07:07 PM,07:07 PM,Red Sox at Blue Jays,Rogers Centre - Toronto,"Local Radio: SN590",04/26/22,04/26/22,10:07 PM,10:07 PM,FALSE,TRUE,04/26/22,06:07 PM,06:07 PM,FREE,BUSY
04/27/22,07:07 PM,07:07 PM,Red Sox at Blue Jays,Rogers Centre - Toronto,"Local Radio: SN590",04/27/22,04/27/22,10:07 PM,10:07 PM,FALSE,TRUE,04/27/22,06:07 PM,06:07 PM,FREE,BUSY
04/28/22,03:07 PM,03:07 PM,Red Sox at Blue Jays,Rogers Centre - Toronto,"Local Radio: SN590",04/28/22,04/28/22,06:07 PM,06:07 PM,FALSE,TRUE,04/28/22,02:07 PM,02:07 PM,FREE,BUSY
04/29/22,07:07 PM,07:07 PM,Astros at Blue Jays,Rogers Centre - Toronto,"",04/29/22,04/29/22,10:07 PM,10:07 PM,FALSE,TRUE,04/29/22,06:07 PM,06:07 PM,FREE,BUSY
04/30/22,03:07 PM,03:07 PM,Astros at Blue Jays,Rogers Centre - Toronto,"",04/30/22,04/30/22,06:07 PM,06:07 PM,FALSE,TRUE,04/30/22,02:07 PM,02:07 PM,FREE,BUSY
05/01/22,01:37 PM,01:37 PM,Astros at Blue Jays,Rogers Centre - Toronto,"",05/01/22,05/01/22,04:37 PM,04:37 PM,FALSE,TRUE,05/01/22,12:37 PM,12:37 PM,FREE,BUSY
05/02/22,07:07 PM,07:07 PM,Yankees at Blue Jays,Rogers Centre - Toronto,"",05/02/22,05/02/22,10:07 PM,10:07 PM,FALSE,TRUE,05/02/22,06:07 PM,06:07 PM,FREE,BUSY
05/03/22,07:07 PM,07:07 PM,Yankees at Blue Jays,Rogers Centre - Toronto,"",05/03/22,05/03/22,10:07 PM,10:07 PM,FALSE,TRUE,05/03/22,06:07 PM,06:07 PM,FREE,BUSY
05/04/22,07:07 PM,07:07 PM,Yankees at Blue Jays,Rogers Centre - Toronto,"",05/04/22,05/04/22,10:07 PM,10:07 PM,FALSE,TRUE,05/04/22,06:07 PM,06:07 PM,FREE,BUSY
05/05/22,06:10 PM,06:10 PM,Blue Jays at Guardians,Progressive Field - Cleveland,"Local Radio: SN590",05/05/22,05/05/22,09:10 PM,09:10 PM,FALSE,TRUE,05/05/22,05:10 PM,05:10 PM,FREE,BUSY
05/06/22,07:10 PM,07:10 PM,Blue Jays at Guardians,Progressive Field - Cleveland,"Local Radio: SN590",05/06/22,05/06/22,10:10 PM,10:10 PM,FALSE,TRUE,05/06/22,06:10 PM,06:10 PM,FREE,BUSY
05/07/22,06:10 PM,06:10 PM,Blue Jays at Guardians,Progressive Field - Cleveland,"Local Radio: SN590",05/07/22,05/07/22,09:10 PM,09:10 PM,FALSE,TRUE,05/07/22,05:10 PM,05:10 PM,FREE,BUSY
05/08/22,01:40 PM,01:40 PM,Blue Jays at Guardians,Progressive Field - Cleveland,"Local Radio: SN590",05/08/22,05/08/22,04:40 PM,04:40 PM,FALSE,TRUE,05/08/22,12:40 PM,12:40 PM,FREE,BUSY
05/10/22,07:05 PM,07:05 PM,Blue Jays at Yankees,Yankee Stadium - Bronx,"",05/10/22,05/10/22,10:05 PM,10:05 PM,FALSE,TRUE,05/10/22,06:05 PM,06:05 PM,FREE,BUSY
05/11/22,12:35 PM,12:35 PM,Blue Jays at Yankees,Yankee Stadium - Bronx,"",05/11/22,05/11/22,03:35 PM,03:35 PM,FALSE,TRUE,05/11/22,11:35 AM,11:35 AM,FREE,BUSY
05/13/22,07:10 PM,07:10 PM,Blue Jays at Rays,Tropicana Field - St. Petersburg,"",05/13/22,05/13/22,10:10 PM,10:10 PM,FALSE,TRUE,05/13/22,06:10 PM,06:10 PM,FREE,BUSY
05/14/22,06:10 PM,06:10 PM,Blue Jays at Rays,Tropicana Field - St. Petersburg,"",05/14/22,05/14/22,09:10 PM,09:10 PM,FALSE,TRUE,05/14/22,05:10 PM,05:10 PM,FREE,BUSY
05/15/22,01:40 PM,01:40 PM,Blue Jays at Rays,Tropicana Field - St. Petersburg,"",05/15/22,05/15/22,04:40 PM,04:40 PM,FALSE,TRUE,05/15/22,12:40 PM,12:40 PM,FREE,BUSY
05/16/22,07:07 PM,07:07 PM,Mariners at Blue Jays,Rogers Centre - Toronto,"",05/16/22,05/16/22,10:07 PM,10:07 PM,FALSE,TRUE,05/16/22,06:07 PM,06:07 PM,FREE,BUSY
05/17/22,07:07 PM,07:07 PM,Mariners at Blue Jays,Rogers Centre - Toronto,"",05/17/22,05/17/22,10:07 PM,10:07 PM,FALSE,TRUE,05/17/22,06:07 PM,06:07 PM,FREE,BUSY
05/18/22,07:07 PM,07:07 PM,Mariners at Blue Jays,Rogers Centre - Toronto,"",05/18/22,05/18/22,10:07 PM,10:07 PM,FALSE,TRUE,05/18/22,06:07 PM,06:07 PM,FREE,BUSY
05/20/22,07:07 PM,07:07 PM,Reds at Blue Jays,Rogers Centre - Toronto,"Local Radio: SN590",05/20/22,05/20/22,10:07 PM,10:07 PM,FALSE,TRUE,05/20/22,06:07 PM,06:07 PM,FREE,BUSY
05/21/22,03:07 PM,03:07 PM,Reds at Blue Jays,Rogers Centre - Toronto,"Local Radio: SN590",05/21/22,05/21/22,06:07 PM,06:07 PM,FALSE,TRUE,05/21/22,02:07 PM,02:07 PM,FREE,BUSY
05/22/22,01:37 PM,01:37 PM,Reds at Blue Jays,Rogers Centre - Toronto,"Local Radio: SN590",05/22/22,05/22/22,04:37 PM,04:37 PM,FALSE,TRUE,05/22/22,12:37 PM,12:37 PM,FREE,BUSY
05/23/22,07:45 PM,07:45 PM,Blue Jays at Cardinals,Busch Stadium - St. Louis,"",05/23/22,05/23/22,10:45 PM,10:45 PM,FALSE,TRUE,05/23/22,06:45 PM,06:45 PM,FREE,BUSY
05/24/22,07:45 PM,07:45 PM,Blue Jays at Cardinals,Busch Stadium - St. Louis,"",05/24/22,05/24/22,10:45 PM,10:45 PM,FALSE,TRUE,05/24/22,06:45 PM,06:45 PM,FREE,BUSY
05/26/22,09:38 PM,09:38 PM,Blue Jays at Angels,Angel Stadium - Anaheim,"",05/27/22,05/27/22,12:38 AM,12:38 AM,FALSE,TRUE,05/26/22,08:38 PM,08:38 PM,FREE,BUSY
05/27/22,09:38 PM,09:38 PM,Blue Jays at Angels,Angel Stadium - Anaheim,"",05/28/22,05/28/22,12:38 AM,12:38 AM,FALSE,TRUE,05/27/22,08:38 PM,08:38 PM,FREE,BUSY
05/28/22,10:07 PM,10:07 PM,Blue Jays at Angels,Angel Stadium - Anaheim,"",05/29/22,05/29/22,01:07 AM,01:07 AM,FALSE,TRUE,05/28/22,09:07 PM,09:07 PM,FREE,BUSY
05/29/22,04:07 PM,04:07 PM,Blue Jays at Angels,Angel Stadium - Anaheim,"",05/29/22,05/29/22,07:07 PM,07:07 PM,FALSE,TRUE,05/29/22,03:07 PM,03:07 PM,FREE,BUSY
05/31/22,07:07 PM,07:07 PM,White Sox at Blue Jays,Rogers Centre - Toronto,"Local TV: SNET-1 ----- Local Radio: SN590",05/31/22,05/31/22,10:07 PM,10:07 PM,FALSE,TRUE,05/31/22,06:07 PM,06:07 PM,FREE,BUSY
06/01/22,07:07 PM,07:07 PM,White Sox at Blue Jays,Rogers Centre - Toronto,"Local TV: SNET ----- Local Radio: SN590",06/01/22,06/01/22,10:07 PM,10:07 PM,FALSE,TRUE,06/01/22,06:07 PM,06:07 PM,FREE,BUSY
06/02/22,03:07 PM,03:07 PM,White Sox at Blue Jays,Rogers Centre - Toronto,"Local TV: SNET-1 ----- Local Radio: SN590",06/02/22,06/02/22,06:07 PM,06:07 PM,FALSE,TRUE,06/02/22,02:07 PM,02:07 PM,FREE,BUSY
06/03/22,07:07 PM,07:07 PM,Twins at Blue Jays,Rogers Centre - Toronto,"",06/03/22,06/03/22,10:07 PM,10:07 PM,FALSE,TRUE,06/03/22,06:07 PM,06:07 PM,FREE,BUSY
06/04/22,03:07 PM,03:07 PM,Twins at Blue Jays,Rogers Centre - Toronto,"",06/04/22,06/04/22,06:07 PM,06:07 PM,FALSE,TRUE,06/04/22,02:07 PM,02:07 PM,FREE,BUSY
06/05/22,01:37 PM,01:37 PM,Twins at Blue Jays,Rogers Centre - Toronto,"",06/05/22,06/05/22,04:37 PM,04:37 PM,FALSE,TRUE,06/05/22,12:37 PM,12:37 PM,FREE,BUSY
06/06/22,08:10 PM,08:10 PM,Blue Jays at Royals,Kauffman Stadium - Kansas City,"",06/06/22,06/06/22,11:10 PM,11:10 PM,FALSE,TRUE,06/06/22,07:10 PM,07:10 PM,FREE,BUSY
06/07/22,08:10 PM,08:10 PM,Blue Jays at Royals,Kauffman Stadium - Kansas City,"",06/07/22,06/07/22,11:10 PM,11:10 PM,FALSE,TRUE,06/07/22,07:10 PM,07:10 PM,FREE,BUSY
06/08/22,02:10 PM,02:10 PM,Blue Jays at Royals,Kauffman Stadium - Kansas City,"Local TV: YouTube",06/08/22,06/08/22,05:10 PM,05:10 PM,FALSE,TRUE,06/08/22,01:10 PM,01:10 PM,FREE,BUSY
06/10/22,07:10 PM,07:10 PM,Blue Jays at Tigers,Comerica Park - Detroit,"",06/10/22,06/10/22,10:10 PM,10:10 PM,FALSE,TRUE,06/10/22,06:10 PM,06:10 PM,FREE,BUSY
06/11/22,04:10 PM,04:10 PM,Blue Jays at Tigers,Comerica Park - Detroit,"",06/11/22,06/11/22,07:10 PM,07:10 PM,FALSE,TRUE,06/11/22,03:10 PM,03:10 PM,FREE,BUSY
06/12/22,01:40 PM,01:40 PM,Blue Jays at Tigers,Comerica Park - Detroit,"",06/12/22,06/12/22,04:40 PM,04:40 PM,FALSE,TRUE,06/12/22,12:40 PM,12:40 PM,FREE,BUSY
06/13/22,07:07 PM,07:07 PM,Orioles at Blue Jays,Rogers Centre - Toronto,"",06/13/22,06/13/22,10:07 PM,10:07 PM,FALSE,TRUE,06/13/22,06:07 PM,06:07 PM,FREE,BUSY
06/14/22,07:07 PM,07:07 PM,Orioles at Blue Jays,Rogers Centre - Toronto,"",06/14/22,06/14/22,10:07 PM,10:07 PM,FALSE,TRUE,06/14/22,06:07 PM,06:07 PM,FREE,BUSY
06/15/22,07:07 PM,07:07 PM,Orioles at Blue Jays,Rogers Centre - Toronto,"",06/15/22,06/15/22,10:07 PM,10:07 PM,FALSE,TRUE,06/15/22,06:07 PM,06:07 PM,FREE,BUSY
06/16/22,03:07 PM,03:07 PM,Orioles at Blue Jays,Rogers Centre - Toronto,"",06/16/22,06/16/22,06:07 PM,06:07 PM,FALSE,TRUE,06/16/22,02:07 PM,02:07 PM,FREE,BUSY
06/17/22,07:07 PM,07:07 PM,Yankees at Blue Jays,Rogers Centre - Toronto,"",06/17/22,06/17/22,10:07 PM,10:07 PM,FALSE,TRUE,06/17/22,06:07 PM,06:07 PM,FREE,BUSY
06/18/22,03:07 PM,03:07 PM,Yankees at Blue Jays,Rogers Centre - Toronto,"",06/18/22,06/18/22,06:07 PM,06:07 PM,FALSE,TRUE,06/18/22,02:07 PM,02:07 PM,FREE,BUSY
06/19/22,01:37 PM,01:37 PM,Yankees at Blue Jays,Rogers Centre - Toronto,"",06/19/22,06/19/22,04:37 PM,04:37 PM,FALSE,TRUE,06/19/22,12:37 PM,12:37 PM,FREE,BUSY
06/20/22,08:10 PM,08:10 PM,Blue Jays at White Sox,Guaranteed Rate Field - Chicago,"Local Radio: SN590",06/20/22,06/20/22,11:10 PM,11:10 PM,FALSE,TRUE,06/20/22,07:10 PM,07:10 PM,FREE,BUSY
06/21/22,08:10 PM,08:10 PM,Blue Jays at White Sox,Guaranteed Rate Field - Chicago,"Local Radio: SN590",06/21/22,06/21/22,11:10 PM,11:10 PM,FALSE,TRUE,06/21/22,07:10 PM,07:10 PM,FREE,BUSY
06/22/22,02:10 PM,02:10 PM,Blue Jays at White Sox,Guaranteed Rate Field - Chicago,"Local Radio: SN590",06/22/22,06/22/22,05:10 PM,05:10 PM,FALSE,TRUE,06/22/22,01:10 PM,01:10 PM,FREE,BUSY
06/24/22,08:10 PM,08:10 PM,Blue Jays at Brewers,American Family Field - Milwaukee,"",06/24/22,06/24/22,11:10 PM,11:10 PM,FALSE,TRUE,06/24/22,07:10 PM,07:10 PM,FREE,BUSY
06/25/22,04:10 PM,04:10 PM,Blue Jays at Brewers,American Family Field - Milwaukee,"",06/25/22,06/25/22,07:10 PM,07:10 PM,FALSE,TRUE,06/25/22,03:10 PM,03:10 PM,FREE,BUSY
06/26/22,02:10 PM,02:10 PM,Blue Jays at Brewers,American Family Field - Milwaukee,"",06/26/22,06/26/22,05:10 PM,05:10 PM,FALSE,TRUE,06/26/22,01:10 PM,01:10 PM,FREE,BUSY
06/27/22,07:07 PM,07:07 PM,Red Sox at Blue Jays,Rogers Centre - Toronto,"",06/27/22,06/27/22,10:07 PM,10:07 PM,FALSE,TRUE,06/27/22,06:07 PM,06:07 PM,FREE,BUSY
06/28/22,07:07 PM,07:07 PM,Red Sox at Blue Jays,Rogers Centre - Toronto,"",06/28/22,06/28/22,10:07 PM,10:07 PM,FALSE,TRUE,06/28/22,06:07 PM,06:07 PM,FREE,BUSY
06/29/22,07:07 PM,07:07 PM,Red Sox at Blue Jays,Rogers Centre - Toronto,"",06/29/22,06/29/22,10:07 PM,10:07 PM,FALSE,TRUE,06/29/22,06:07 PM,06:07 PM,FREE,BUSY
06/30/22,07:07 PM,07:07 PM,Rays at Blue Jays,Rogers Centre - Toronto,"",06/30/22,06/30/22,10:07 PM,10:07 PM,FALSE,TRUE,06/30/22,06:07 PM,06:07 PM,FREE,BUSY
07/01/22,03:07 PM,03:07 PM,Rays at Blue Jays,Rogers Centre - Toronto,"",07/01/22,07/01/22,06:07 PM,06:07 PM,FALSE,TRUE,07/01/22,02:07 PM,02:07 PM,FREE,BUSY
07/02/22,12:07 PM,12:07 PM,Rays at Blue Jays,Rogers Centre - Toronto,"",07/02/22,07/02/22,03:07 PM,03:07 PM,FALSE,TRUE,07/02/22,11:07 AM,11:07 AM,FREE,BUSY
07/02/22,06:07 PM,06:07 PM,Rays at Blue Jays,Rogers Centre - Toronto,"",07/02/22,07/02/22,09:07 PM,09:07 PM,FALSE,TRUE,07/02/22,05:07 PM,05:07 PM,FREE,BUSY
07/03/22,01:37 PM,01:37 PM,Rays at Blue Jays,Rogers Centre - Toronto,"",07/03/22,07/03/22,04:37 PM,04:37 PM,FALSE,TRUE,07/03/22,12:37 PM,12:37 PM,FREE,BUSY
07/04/22,09:07 PM,09:07 PM,Blue Jays at Athletics,Oakland Coliseum - Oakland,"",07/05/22,07/05/22,12:07 AM,12:07 AM,FALSE,TRUE,07/04/22,08:07 PM,08:07 PM,FREE,BUSY
07/05/22,09:40 PM,09:40 PM,Blue Jays at Athletics,Oakland Coliseum - Oakland,"",07/06/22,07/06/22,12:40 AM,12:40 AM,FALSE,TRUE,07/05/22,08:40 PM,08:40 PM,FREE,BUSY
07/06/22,03:37 PM,03:37 PM,Blue Jays at Athletics,Oakland Coliseum - Oakland,"",07/06/22,07/06/22,06:37 PM,06:37 PM,FALSE,TRUE,07/06/22,02:37 PM,02:37 PM,FREE,BUSY
07/07/22,10:10 PM,10:10 PM,Blue Jays at Mariners,T-Mobile Park - Seattle,"",07/08/22,07/08/22,01:10 AM,01:10 AM,FALSE,TRUE,07/07/22,09:10 PM,09:10 PM,FREE,BUSY
07/08/22,10:10 PM,10:10 PM,Blue Jays at Mariners,T-Mobile Park - Seattle,"",07/09/22,07/09/22,01:10 AM,01:10 AM,FALSE,TRUE,07/08/22,09:10 PM,09:10 PM,FREE,BUSY
07/09/22,10:10 PM,10:10 PM,Blue Jays at Mariners,T-Mobile Park - Seattle,"",07/10/22,07/10/22,01:10 AM,01:10 AM,FALSE,TRUE,07/09/22,09:10 PM,09:10 PM,FREE,BUSY
07/10/22,04:10 PM,04:10 PM,Blue Jays at Mariners,T-Mobile Park - Seattle,"",07/10/22,07/10/22,07:10 PM,07:10 PM,FALSE,TRUE,07/10/22,03:10 PM,03:10 PM,FREE,BUSY
07/12/22,07:07 PM,07:07 PM,Phillies at Blue Jays,Rogers Centre - Toronto,"",07/12/22,07/12/22,10:07 PM,10:07 PM,FALSE,TRUE,07/12/22,06:07 PM,06:07 PM,FREE,BUSY
07/13/22,07:07 PM,07:07 PM,Phillies at Blue Jays,Rogers Centre - Toronto,"",07/13/22,07/13/22,10:07 PM,10:07 PM,FALSE,TRUE,07/13/22,06:07 PM,06:07 PM,FREE,BUSY
07/14/22,07:07 PM,07:07 PM,Royals at Blue Jays,Rogers Centre - Toronto,"",07/14/22,07/14/22,10:07 PM,10:07 PM,FALSE,TRUE,07/14/22,06:07 PM,06:07 PM,FREE,BUSY
07/15/22,07:07 PM,07:07 PM,Royals at Blue Jays,Rogers Centre - Toronto,"",07/15/22,07/15/22,10:07 PM,10:07 PM,FALSE,TRUE,07/15/22,06:07 PM,06:07 PM,FREE,BUSY
07/16/22,03:07 PM,03:07 PM,Royals at Blue Jays,Rogers Centre - Toronto,"",07/16/22,07/16/22,06:07 PM,06:07 PM,FALSE,TRUE,07/16/22,02:07 PM,02:07 PM,FREE,BUSY
07/17/22,12:05 PM,12:05 PM,Royals at Blue Jays,Rogers Centre - Toronto,"",07/17/22,07/17/22,03:05 PM,03:05 PM,FALSE,TRUE,07/17/22,11:05 AM,11:05 AM,FREE,BUSY
07/22/22,07:10 PM,07:10 PM,Blue Jays at Red Sox,Fenway Park - Boston,"Local Radio: SN590",07/22/22,07/22/22,10:10 PM,10:10 PM,FALSE,TRUE,07/22/22,06:10 PM,06:10 PM,FREE,BUSY
07/23/22,04:10 PM,04:10 PM,Blue Jays at Red Sox,Fenway Park - Boston,"Local Radio: SN590",07/23/22,07/23/22,07:10 PM,07:10 PM,FALSE,TRUE,07/23/22,03:10 PM,03:10 PM,FREE,BUSY
07/24/22,01:35 PM,01:35 PM,Blue Jays at Red Sox,Fenway Park - Boston,"Local Radio: SN590",07/24/22,07/24/22,04:35 PM,04:35 PM,FALSE,TRUE,07/24/22,12:35 PM,12:35 PM,FREE,BUSY
07/26/22,07:07 PM,07:07 PM,Cardinals at Blue Jays,Rogers Centre - Toronto,"",07/26/22,07/26/22,10:07 PM,10:07 PM,FALSE,TRUE,07/26/22,06:07 PM,06:07 PM,FREE,BUSY
07/27/22,07:07 PM,07:07 PM,Cardinals at Blue Jays,Rogers Centre - Toronto,"",07/27/22,07/27/22,10:07 PM,10:07 PM,FALSE,TRUE,07/27/22,06:07 PM,06:07 PM,FREE,BUSY
07/28/22,07:07 PM,07:07 PM,Tigers at Blue Jays,Rogers Centre - Toronto,"",07/28/22,07/28/22,10:07 PM,10:07 PM,FALSE,TRUE,07/28/22,06:07 PM,06:07 PM,FREE,BUSY
07/29/22,07:07 PM,07:07 PM,Tigers at Blue Jays,Rogers Centre - Toronto,"",07/29/22,07/29/22,10:07 PM,10:07 PM,FALSE,TRUE,07/29/22,06:07 PM,06:07 PM,FREE,BUSY
07/30/22,03:07 PM,03:07 PM,Tigers at Blue Jays,Rogers Centre - Toronto,"",07/30/22,07/30/22,06:07 PM,06:07 PM,FALSE,TRUE,07/30/22,02:07 PM,02:07 PM,FREE,BUSY
07/31/22,12:05 PM,12:05 PM,Tigers at Blue Jays,Rogers Centre - Toronto,"",07/31/22,07/31/22,03:05 PM,03:05 PM,FALSE,TRUE,07/31/22,11:05 AM,11:05 AM,FREE,BUSY
08/02/22,07:10 PM,07:10 PM,Blue Jays at Rays,Tropicana Field - St. Petersburg,"",08/02/22,08/02/22,10:10 PM,10:10 PM,FALSE,TRUE,08/02/22,06:10 PM,06:10 PM,FREE,BUSY
08/03/22,12:10 PM,12:10 PM,Blue Jays at Rays,Tropicana Field - St. Petersburg,"",08/03/22,08/03/22,03:10 PM,03:10 PM,FALSE,TRUE,08/03/22,11:10 AM,11:10 AM,FREE,BUSY
08/04/22,07:40 PM,07:40 PM,Blue Jays at Twins,Target Field - Minneapolis,"",08/04/22,08/04/22,10:40 PM,10:40 PM,FALSE,TRUE,08/04/22,06:40 PM,06:40 PM,FREE,BUSY
08/05/22,08:10 PM,08:10 PM,Blue Jays at Twins,Target Field - Minneapolis,"",08/05/22,08/05/22,11:10 PM,11:10 PM,FALSE,TRUE,08/05/22,07:10 PM,07:10 PM,FREE,BUSY
08/06/22,07:10 PM,07:10 PM,Blue Jays at Twins,Target Field - Minneapolis,"",08/06/22,08/06/22,10:10 PM,10:10 PM,FALSE,TRUE,08/06/22,06:10 PM,06:10 PM,FREE,BUSY
08/07/22,02:10 PM,02:10 PM,Blue Jays at Twins,Target Field - Minneapolis,"",08/07/22,08/07/22,05:10 PM,05:10 PM,FALSE,TRUE,08/07/22,01:10 PM,01:10 PM,FREE,BUSY
08/08/22,07:05 PM,07:05 PM,Blue Jays at Orioles,Oriole Park at Camden Yards - Baltimore,"",08/08/22,08/08/22,10:05 PM,10:05 PM,FALSE,TRUE,08/08/22,06:05 PM,06:05 PM,FREE,BUSY
08/09/22,07:05 PM,07:05 PM,Blue Jays at Orioles,Oriole Park at Camden Yards - Baltimore,"",08/09/22,08/09/22,10:05 PM,10:05 PM,FALSE,TRUE,08/09/22,06:05 PM,06:05 PM,FREE,BUSY
08/10/22,07:05 PM,07:05 PM,Blue Jays at Orioles,Oriole Park at Camden Yards - Baltimore,"",08/10/22,08/10/22,10:05 PM,10:05 PM,FALSE,TRUE,08/10/22,06:05 PM,06:05 PM,FREE,BUSY
08/12/22,07:07 PM,07:07 PM,Guardians at Blue Jays,Rogers Centre - Toronto,"Local Radio: SN590",08/12/22,08/12/22,10:07 PM,10:07 PM,FALSE,TRUE,08/12/22,06:07 PM,06:07 PM,FREE,BUSY
08/13/22,03:07 PM,03:07 PM,Guardians at Blue Jays,Rogers Centre - Toronto,"Local Radio: SN590",08/13/22,08/13/22,06:07 PM,06:07 PM,FALSE,TRUE,08/13/22,02:07 PM,02:07 PM,FREE,BUSY
08/14/22,01:37 PM,01:37 PM,Guardians at Blue Jays,Rogers Centre - Toronto,"Local Radio: SN590",08/14/22,08/14/22,04:37 PM,04:37 PM,FALSE,TRUE,08/14/22,12:37 PM,12:37 PM,FREE,BUSY
08/15/22,07:07 PM,07:07 PM,Orioles at Blue Jays,Rogers Centre - Toronto,"",08/15/22,08/15/22,10:07 PM,10:07 PM,FALSE,TRUE,08/15/22,06:07 PM,06:07 PM,FREE,BUSY
08/16/22,07:07 PM,07:07 PM,Orioles at Blue Jays,Rogers Centre - Toronto,"",08/16/22,08/16/22,10:07 PM,10:07 PM,FALSE,TRUE,08/16/22,06:07 PM,06:07 PM,FREE,BUSY
08/17/22,03:07 PM,03:07 PM,Orioles at Blue Jays,Rogers Centre - Toronto,"",08/17/22,08/17/22,06:07 PM,06:07 PM,FALSE,TRUE,08/17/22,02:07 PM,02:07 PM,FREE,BUSY
08/18/22,07:05 PM,07:05 PM,Blue Jays at Yankees,Yankee Stadium - Bronx,"",08/18/22,08/18/22,10:05 PM,10:05 PM,FALSE,TRUE,08/18/22,06:05 PM,06:05 PM,FREE,BUSY
08/19/22,07:05 PM,07:05 PM,Blue Jays at Yankees,Yankee Stadium - Bronx,"Local TV: SNET",08/19/22,08/19/22,10:05 PM,10:05 PM,FALSE,TRUE,08/19/22,06:05 PM,06:05 PM,FREE,BUSY
08/20/22,01:05 PM,01:05 PM,Blue Jays at Yankees,Yankee Stadium - Bronx,"",08/20/22,08/20/22,04:05 PM,04:05 PM,FALSE,TRUE,08/20/22,12:05 PM,12:05 PM,FREE,BUSY
08/21/22,01:35 PM,01:35 PM,Blue Jays at Yankees,Yankee Stadium - Bronx,"",08/21/22,08/21/22,04:35 PM,04:35 PM,FALSE,TRUE,08/21/22,12:35 PM,12:35 PM,FREE,BUSY
08/23/22,07:10 PM,07:10 PM,Blue Jays at Red Sox,Fenway Park - Boston,"Local Radio: SN590",08/23/22,08/23/22,10:10 PM,10:10 PM,FALSE,TRUE,08/23/22,06:10 PM,06:10 PM,FREE,BUSY
08/24/22,07:10 PM,07:10 PM,Blue Jays at Red Sox,Fenway Park - Boston,"Local Radio: SN590",08/24/22,08/24/22,10:10 PM,10:10 PM,FALSE,TRUE,08/24/22,06:10 PM,06:10 PM,FREE,BUSY
08/25/22,07:10 PM,07:10 PM,Blue Jays at Red Sox,Fenway Park - Boston,"Local Radio: SN590",08/25/22,08/25/22,10:10 PM,10:10 PM,FALSE,TRUE,08/25/22,06:10 PM,06:10 PM,FREE,BUSY
08/26/22,07:07 PM,07:07 PM,Angels at Blue Jays,Rogers Centre - Toronto,"",08/26/22,08/26/22,10:07 PM,10:07 PM,FALSE,TRUE,08/26/22,06:07 PM,06:07 PM,FREE,BUSY
08/27/22,03:07 PM,03:07 PM,Angels at Blue Jays,Rogers Centre - Toronto,"",08/27/22,08/27/22,06:07 PM,06:07 PM,FALSE,TRUE,08/27/22,02:07 PM,02:07 PM,FREE,BUSY
08/28/22,01:37 PM,01:37 PM,Angels at Blue Jays,Rogers Centre - Toronto,"",08/28/22,08/28/22,04:37 PM,04:37 PM,FALSE,TRUE,08/28/22,12:37 PM,12:37 PM,FREE,BUSY
08/29/22,07:07 PM,07:07 PM,Cubs at Blue Jays,Rogers Centre - Toronto,"Local Radio: SN590",08/29/22,08/29/22,10:07 PM,10:07 PM,FALSE,TRUE,08/29/22,06:07 PM,06:07 PM,FREE,BUSY
08/30/22,07:07 PM,07:07 PM,Cubs at Blue Jays,Rogers Centre - Toronto,"Local Radio: SN590",08/30/22,08/30/22,10:07 PM,10:07 PM,FALSE,TRUE,08/30/22,06:07 PM,06:07 PM,FREE,BUSY
08/31/22,07:07 PM,07:07 PM,Cubs at Blue Jays,Rogers Centre - Toronto,"Local Radio: SN590",08/31/22,08/31/22,10:07 PM,10:07 PM,FALSE,TRUE,08/31/22,06:07 PM,06:07 PM,FREE,BUSY
09/02/22,06:35 PM,06:35 PM,Blue Jays at Pirates,PNC Park - Pittsburgh,"",09/02/22,09/02/22,09:35 PM,09:35 PM,FALSE,TRUE,09/02/22,05:35 PM,05:35 PM,FREE,BUSY
09/03/22,06:35 PM,06:35 PM,Blue Jays at Pirates,PNC Park - Pittsburgh,"",09/03/22,09/03/22,09:35 PM,09:35 PM,FALSE,TRUE,09/03/22,05:35 PM,05:35 PM,FREE,BUSY
09/04/22,12:05 PM,12:05 PM,Blue Jays at Pirates,PNC Park - Pittsburgh,"Local TV: Peacock",09/04/22,09/04/22,03:05 PM,03:05 PM,FALSE,TRUE,09/04/22,11:05 AM,11:05 AM,FREE,BUSY
09/05/22,01:05 PM,01:05 PM,Blue Jays at Orioles,Oriole Park at Camden Yards - Baltimore,"",09/05/22,09/05/22,04:05 PM,04:05 PM,FALSE,TRUE,09/05/22,12:05 PM,12:05 PM,FREE,BUSY
09/06/22,07:05 PM,07:05 PM,Blue Jays at Orioles,Oriole Park at Camden Yards - Baltimore,"",09/06/22,09/06/22,10:05 PM,10:05 PM,FALSE,TRUE,09/06/22,06:05 PM,06:05 PM,FREE,BUSY
09/07/22,07:05 PM,07:05 PM,Blue Jays at Orioles,Oriole Park at Camden Yards - Baltimore,"",09/07/22,09/07/22,10:05 PM,10:05 PM,FALSE,TRUE,09/07/22,06:05 PM,06:05 PM,FREE,BUSY
09/09/22,08:05 PM,08:05 PM,Blue Jays at Rangers,Globe Life Field - Arlington,"",09/09/22,09/09/22,11:05 PM,11:05 PM,FALSE,TRUE,09/09/22,07:05 PM,07:05 PM,FREE,BUSY
09/10/22,07:05 PM,07:05 PM,Blue Jays at Rangers,Globe Life Field - Arlington,"",09/10/22,09/10/22,10:05 PM,10:05 PM,FALSE,TRUE,09/10/22,06:05 PM,06:05 PM,FREE,BUSY
09/11/22,02:35 PM,02:35 PM,Blue Jays at Rangers,Globe Life Field - Arlington,"",09/11/22,09/11/22,05:35 PM,05:35 PM,FALSE,TRUE,09/11/22,01:35 PM,01:35 PM,FREE,BUSY
09/12/22,07:07 PM,07:07 PM,Rays at Blue Jays,Rogers Centre - Toronto,"",09/12/22,09/12/22,10:07 PM,10:07 PM,FALSE,TRUE,09/12/22,06:07 PM,06:07 PM,FREE,BUSY
09/13/22,01:07 PM,01:07 PM,Rays at Blue Jays,Rogers Centre - Toronto,"",09/13/22,09/13/22,04:07 PM,04:07 PM,FALSE,TRUE,09/13/22,12:07 PM,12:07 PM,FREE,BUSY
09/13/22,07:07 PM,07:07 PM,Rays at Blue Jays,Rogers Centre - Toronto,"",09/13/22,09/13/22,10:07 PM,10:07 PM,FALSE,TRUE,09/13/22,06:07 PM,06:07 PM,FREE,BUSY
09/14/22,07:07 PM,07:07 PM,Rays at Blue Jays,Rogers Centre - Toronto,"",09/14/22,09/14/22,10:07 PM,10:07 PM,FALSE,TRUE,09/14/22,06:07 PM,06:07 PM,FREE,BUSY
09/15/22,03:07 PM,03:07 PM,Rays at Blue Jays,Rogers Centre - Toronto,"",09/15/22,09/15/22,06:07 PM,06:07 PM,FALSE,TRUE,09/15/22,02:07 PM,02:07 PM,FREE,BUSY
09/16/22,07:07 PM,07:07 PM,Orioles at Blue Jays,Rogers Centre - Toronto,"",09/16/22,09/16/22,10:07 PM,10:07 PM,FALSE,TRUE,09/16/22,06:07 PM,06:07 PM,FREE,BUSY
09/17/22,03:07 PM,03:07 PM,Orioles at Blue Jays,Rogers Centre - Toronto,"",09/17/22,09/17/22,06:07 PM,06:07 PM,FALSE,TRUE,09/17/22,02:07 PM,02:07 PM,FREE,BUSY
09/18/22,01:37 PM,01:37 PM,Orioles at Blue Jays,Rogers Centre - Toronto,"",09/18/22,09/18/22,04:37 PM,04:37 PM,FALSE,TRUE,09/18/22,12:37 PM,12:37 PM,FREE,BUSY
09/20/22,06:45 PM,06:45 PM,Blue Jays at Phillies,Citizens Bank Park - Philadelphia,"",09/20/22,09/20/22,09:45 PM,09:45 PM,FALSE,TRUE,09/20/22,05:45 PM,05:45 PM,FREE,BUSY
09/21/22,06:45 PM,06:45 PM,Blue Jays at Phillies,Citizens Bank Park - Philadelphia,"",09/21/22,09/21/22,09:45 PM,09:45 PM,FALSE,TRUE,09/21/22,05:45 PM,05:45 PM,FREE,BUSY
09/22/22,06:40 PM,06:40 PM,Blue Jays at Rays,Tropicana Field - St. Petersburg,"",09/22/22,09/22/22,09:40 PM,09:40 PM,FALSE,TRUE,09/22/22,05:40 PM,05:40 PM,FREE,BUSY
09/23/22,07:10 PM,07:10 PM,Blue Jays at Rays,Tropicana Field - St. Petersburg,"",09/23/22,09/23/22,10:10 PM,10:10 PM,FALSE,TRUE,09/23/22,06:10 PM,06:10 PM,FREE,BUSY
09/24/22,06:10 PM,06:10 PM,Blue Jays at Rays,Tropicana Field - St. Petersburg,"",09/24/22,09/24/22,09:10 PM,09:10 PM,FALSE,TRUE,09/24/22,05:10 PM,05:10 PM,FREE,BUSY
09/25/22,01:10 PM,01:10 PM,Blue Jays at Rays,Tropicana Field - St. Petersburg,"",09/25/22,09/25/22,04:10 PM,04:10 PM,FALSE,TRUE,09/25/22,12:10 PM,12:10 PM,FREE,BUSY
09/26/22,07:07 PM,07:07 PM,Yankees at Blue Jays,Rogers Centre - Toronto,"",09/26/22,09/26/22,10:07 PM,10:07 PM,FALSE,TRUE,09/26/22,06:07 PM,06:07 PM,FREE,BUSY
09/27/22,07:07 PM,07:07 PM,Yankees at Blue Jays,Rogers Centre - Toronto,"",09/27/22,09/27/22,10:07 PM,10:07 PM,FALSE,TRUE,09/27/22,06:07 PM,06:07 PM,FREE,BUSY
09/28/22,07:07 PM,07:07 PM,Yankees at Blue Jays,Rogers Centre - Toronto,"",09/28/22,09/28/22,10:07 PM,10:07 PM,FALSE,TRUE,09/28/22,06:07 PM,06:07 PM,FREE,BUSY
09/30/22,07:07 PM,07:07 PM,Red Sox at Blue Jays,Rogers Centre - Toronto,"Local Radio: SN590",09/30/22,09/30/22,10:07 PM,10:07 PM,FALSE,TRUE,09/30/22,06:07 PM,06:07 PM,FREE,BUSY
10/01/22,03:07 PM,03:07 PM,Red Sox at Blue Jays,Rogers Centre - Toronto,"Local TV: SNET ----- Local Radio: SN590",10/01/22,10/01/22,06:07 PM,06:07 PM,FALSE,TRUE,10/01/22,02:07 PM,02:07 PM,FREE,BUSY
10/02/22,01:37 PM,01:37 PM,Red Sox at Blue Jays,Rogers Centre - Toronto,"Local TV: SNET ----- Local Radio: SN590",10/02/22,10/02/22,04:37 PM,04:37 PM,FALSE,TRUE,10/02/22,12:37 PM,12:37 PM,FREE,BUSY
10/03/22,07:05 PM,07:05 PM,Blue Jays at Orioles,Oriole Park at Camden Yards - Baltimore,"",10/03/22,10/03/22,10:05 PM,10:05 PM,FALSE,TRUE,10/03/22,06:05 PM,06:05 PM,FREE,BUSY
10/04/22,07:05 PM,07:05 PM,Blue Jays at Orioles,Oriole Park at Camden Yards - Baltimore,"",10/04/22,10/04/22,10:05 PM,10:05 PM,FALSE,TRUE,10/04/22,06:05 PM,06:05 PM,FREE,BUSY
10/05/22,07:05 PM,07:05 PM,Blue Jays at Orioles,Oriole Park at Camden Yards - Baltimore,"",10/05/22,10/05/22,,,FALSE,TRUE,10/05/22,,,FREE,BUSY